{"cameraMode":{"drawMode":0,"name":"Shaded","section":"Shading Mode"},"sceneLighting":true,"audioPlay":false,"sceneViewState":{"showFog":true,"showMaterialUpdate":false,"showSkybox":true,"showFlares":true,"showImageEffects":true,"showParticleSystems":true},"in2DMode":false,"pivot":{"x":1115.816650390625,"y":-131.7418975830078,"z":874.864501953125},"rotation":{"x":0.10472455620765686,"y":0.46511873602867129,"z":-0.055521681904792789,"w":0.8772926330566406},"size":654.0624389648438,"orthographic":false}