{"cameraMode":{"drawMode":0,"name":"Shaded","section":"Shading Mode"},"sceneLighting":true,"audioPlay":false,"sceneViewState":{"showFog":true,"showMaterialUpdate":false,"showSkybox":true,"showFlares":true,"showImageEffects":true,"showParticleSystems":true},"in2DMode":false,"pivot":{"x":-60.02277755737305,"y":2.5407469272613527,"z":8.751137733459473},"rotation":{"x":-0.06032414361834526,"y":0.6674778461456299,"z":-0.05438482016324997,"w":-0.740201473236084},"size":31.418663024902345,"orthographic":false}